Data,Valoare
14th Mar 2019 16:08:25,- 95.00000000
14th Mar 2019 12:16:48,+ 300.00000000
13th Mar 2019 05:06:09,+ 95.00000000
8th Mar 2019 06:34:46,- 325.00000000
6th Mar 2019 22:33:40,+ 325.00000000
